uri,date_published,headline,keywords,snippet,word_count
nyt://article/bc8a0757-6feb-5b1d-b9ff-3865105820d8,2022-01-16,the synagogue is a tight knit community that came together in the 1990s.,,"Over the years, the congregation became an extended Jewish family in Colleyville.",416
nyt://article/788eb893-2dca-567a-9ba8-91e7897a6c12,2022-01-16,"new york’s governor announces a significant drop in daily cases, a rare sign of hope.","new york statenew york cityhochul, kathleen ccoronavirus (2019-ncov)coronavirus omicron variant",,334
nyt://article/f00468d9-8c85-5141-a5a4-8b592f6ac0ec,2022-01-16,how sunday’s games affect the n.f.l. playoff matchups,"footballplayoff gamesdallas cowboyspittsburgh steelerstampa bay buccaneersphiladelphia eagleskansas city chiefssan francisco 49ersbrady, tomevans, mike (1993- )hurts, jalen (1998- )","Kansas City and Tampa Bay’s blowout victories, over Pittsburgh and Philadelphia, sandwiched the only upset of wild-card weekend: sixth-seeded San Francisco beating third-seeded Dallas.",755
nyt://article/d78edd6a-5e77-573b-b69b-12e0a998713c,2022-01-16,"corrections: jan. 16, 2022",,"Corrections that appeared in print on Sunday, Jan. 16, 2022.",250
nyt://article/8d0f5682-550d-5383-858d-2729584be48f,2022-01-16,quotation of the day: health care sector confronts vaccine mandate,,"Quotation of the Day for Sunday, January 16, 2022.",72
nyt://article/45bfef70-a4e6-5211-b9f4-95c9acfc8411,2022-01-16,josh allen’s bills nearly perfect in dismantling the patriots,"footballplayoff gamesbuffalo billsnew england patriotsallen, josh (1996- )national football league","Paced by Allen’s five touchdown passes, the Bills did not punt, attempt a field goal or turn the ball over against the rival Patriots.",1003
nyt://article/09084cca-4f23-5fb1-8d82-5c01e336c57f,2022-01-16,microsoft warns of destructive cyberattack on ukrainian computer networks,"computers and the internetcyberattacks and hackersmicrosoft corpputin, vladimir vukrainerussia","The malware was revealed as Russian troops remained massed at the Ukrainian border, and after Ukrainian government agencies had their websites defaced.",1083
nyt://article/ad52d330-1f21-51a4-98d0-b2b355d0d6cd,2022-01-16,trump’s covid and election falsehoods at arizona rally,"storming of the us capitol (jan, 2021)rumors and misinformationunited states politics and governmentrace and ethnicityblack peopleblackswhitescoronavirus (2019-ncov)vaccination and immunizationunited states defense and military forcespelosi, nancycenters for disease control and preventiontrump, donald j","The former president falsely claimed that white Americans were being denied the Covid-19 vaccine, among other inaccuracies.",732
nyt://article/0b4e771d-ff07-5c67-98f5-4b1c0a7aeb4e,2022-01-16,spelling bee forum,spelling bee (game),Feeling stuck on today’s puzzle? We can help.,159
nyt://article/73e801a9-d932-5899-96ec-11d092bbb45e,2022-01-16,russia issues subtle threats more far-reaching than a ukraine invasion,"russiaukrainedefense and military forcescyberwarfare and defensenorth atlantic treaty organizationunited states international relationsunited states defense and military forcesbiden, joseph r jrputin, vladimir veastern europewar and armed conflictsnuclear weaponsinternational relations","If the West fails to meet its security demands, Moscow could take measures like placing nuclear missiles close to the U.S. coastline, Russian officials have hinted.",1697
nyt://article/de14a612-62c2-5de2-883d-6e58ca64374f,2022-01-16,marianne williamson: a politico or apolitical?,"williamson, mariannepresidential election of 2020united states politics and governmentcontent type: personal profile",The outsider from the 2020 presidential race ponders what’s next.,3114
nyt://article/4bfd4759-50e5-5817-b6ec-4b453e57ebd9,2022-01-16,some colleges loosen rules for a virus that won’t go away,colleges and universitiescoronavirus omicron variantcoronavirus (2019-ncov)vaccination and immunizationmaskstests (medical)quarantinesdisease ratesunited states,"There is talk about moving from ‘containment to management,’ with fewer restrictions as spring semester progresses.",1363
nyt://article/b558ebb5-abf7-5485-b2ef-5523c2e44b13,2022-01-16,davos without ‘davos’,"davos (switzerland)economic conditions and trendsworld economic forumconventions, fairs and trade showscoronavirus (2019-ncov)",A tiny village in the Swiss Alps once played host to the biggest personalities in the world. What happens when they don’t show up?,925
nyt://article/d7fafe18-cecb-5ca7-91da-ac86e94380f4,2022-01-16,in the trenches of ukraine’s forever war,"ukrainerussiasecession and independence movementswar and armed conflictsunited states international relationscrimea (ukraine)donetsk (ukraine)luhansk (ukraine)putin, vladimir vyanukovych, viktor fzelensky, volodymyrussr (former soviet union)","Russian belligerence has drawn the world’s attention back to the eight-year-old secessionist rebellion in the Donbas region: a deadlocked, time-warped conflict with no end in sight.",10794
nyt://article/a1ce6763-b4e2-56b4-8eba-7077da2b0834,2022-01-16,"‘as the taxi i was in neared the restaurant, rain began to fall’",new york city,"Chivalry on wheels, a cloudless day on the B.Q.E. and more reader tales of New York City in this week’s Metropolitan Diary.",795
nyt://article/3dde0758-d718-5d6e-83c0-d84c0c99818a,2022-01-16,"on ‘s.n.l.,’ biden urges covid-weary nation to stop seeing ‘spider-man’","televisionsaturday night live (tv program)debose, ariana","The “West Side Story” star Ariana DeBose hosted the first new “S.N.L.” of 2022, after its last episode of 2021 was disrupted by the pandemic.",961
nyt://interactive/d3830a1f-4237-5cae-9420-52ecf3a0a6ef,2022-01-16,how a gray painting can break your heart,"artjohns, jasperrauschenberg, roberto'hara, frankwhitney museum of american art","This austere work by Jasper Johns doesn’t seem to invite much of a close read. But its cool surface belies a depth of feeling, which shows us all the power of artistic restraint.",0
nyt://article/41e9482e-8d24-561d-9216-9c70cf3ae6d0,2022-01-16,a fascinating page-turner made from an unlikely subject: federal reserve policy,"books and literaturethe lords of easy money: how the federal reserve broke the american economy (book)leonard, christopher (journalist)federal reserve systembanking and financial institutionsfederal open market committeeunited states economy",Christoper Leonard’s “The Lords of Easy Money” takes aim at the Fed’s decision to inject new money into the banking system.,1140
nyt://article/a6659b23-cc3d-56f5-8d0c-59c096de3e96,2022-01-16,bernardine evaristo recalls a life on the outside,"books and literatureevaristo, bernardinemanifesto (exhibit)content type: personal profilewriting and writersrace and ethnicity","In “Manifesto,” the author reflects on art, romance and her multiracial upbringing.",642
nyt://article/58fc3d92-1a3c-5365-8077-c512e58113b9,2022-01-16,inviting the 70+ crowd to bare it all,sexphotographyelderly,The New York Times Magazine cover story focuses on the intimate experiences of older adults.,778
nyt://article/d5dc1d33-b937-5654-af80-0a4ce0b4a250,2022-01-16,how did democrats let this happen?,"voting rights, registration and requirementsblack peopleblacksbiden, joseph r jrtrump, donald jgeorgiapresidential election of 2020",The American people have little respect or patience for a weak leader but support and stand with a strong one.,1224
nyt://article/803cd349-8548-5fda-8d77-c82799ec7ad7,2022-01-16,"homes that sold for $520,000 or less","real estate and housing (residential)bay ridge (brooklyn, ny)jersey city (nj)tudor city (manhattan, ny)white plains (ny)wantagh (ny)stratford (conn)",Recent residential sales in New York City and the region.,456
nyt://article/f733e3f7-4925-5411-b1bd-3674140155ff,2022-01-16,how the ‘djokovic affair’ finally came to an end,"politics and governmentimmigration and emigrationtenniscoronavirus (2019-ncov)vaccination and immunizationaustraliamelbourne (australia)djokovic, novak","Novak Djokovic lost to a government with powerful laws, determined to make an example out of him.",1226
nyt://article/39cedacc-419c-5197-9724-fbf461af85e6,2022-01-16,the sunday read: ‘this isn’t the california i married’,forests and forestrywildfirescaliforniaaudio-neutral-informative,The honeymoon’s over for the state’s residents now that wildfires are almost constant. Has living in this natural wonderland lost its magic?,286
nyt://article/3d6e1b18-c948-50ae-b54a-a3361cc37e27,2022-01-16,"vaccine mandates, texas, n.f.l.: your weekend briefing","coronavirus (2019-ncov)vaccination and immunizationshortageslabor and jobsmedicine and healthsupreme court (us)biden, joseph r jrunited states politics and government",Here’s what you need to know about the week’s top stories.,1351
nyt://article/888b88c5-52da-584f-9a6b-420db2648103,2022-01-16,the week in business: a ruling on vaccine mandates,stocks and bondsunited states economyscience and technologycoronavirus (2019-ncov)united states politics and governmenttax preparers and preparationtaxationvaccination and immunizationorganized labor,Companies are left on their own to set policy on vaccines for their employees. Oil production is only slowly ramping up. And this will be a messy tax season.,652
nyt://article/8e0f9d97-3810-52fc-93e5-507de540517e,2022-01-16,professor who called students ‘vectors of disease’ in video is suspended,"colleges and universitiesferris state universitymehler, barryvideo recordings, downloads and streamingindecency, obscenity and profanitycoronavirus (2019-ncov)","Barry Mehler of Ferris State University was put on paid leave after uploading the bizarre welcome video, but some of his peers said his rights of free expression were being curtailed.",702
nyt://article/2f8c0257-078c-54a6-9207-4a11a60fb8b7,2022-01-16,university of michigan fires its president over inappropriate relationship,"colleges and universitiesuniversity of michiganschlissel, mark sethics and official misconductappointments and executive changessexual harassmente-mail","Mark Schlissel’s contract was terminated immediately for interactions with a subordinate, the Board of Regents said.",582
nyt://article/2e2fc4e8-a1dd-553a-a182-cd4730bb0d9e,2022-01-16,serbia’s leader denounces australia’s treatment of djokovic as ‘orwellian’,"djokovic, novakvaccination and immunizationaustralian open (tennis)coronavirus (2019-ncov)vucic, aleksandarvisasserbiaaustraliatennispolitics and government","In the tennis star’s homeland, even those who didn’t support his decision to remain unvaccinated against the coronavirus said that he had been mistreated.",1131
nyt://article/97224353-d8b9-5e8e-88ad-522d860c4934,2022-01-16,netanyahu’s lawyers discuss a plea bargain to end his graft trial,"politics and governmentlikud party (israel)bennett, naftalinetanyahu, benjaminisrael","Benjamin Netanyahu, Israel’s former prime minister, has pleaded not guilty in a corruption case. But his lawyers are negotiating a deal in which he might accept some charges to avoid jail time.",932
nyt://article/07f73558-bcfe-5647-9398-5a6c445c87a3,2022-01-16,"at the australian open, everyone not named djokovic is ready to star","tennisaustralian open (tennis)coronavirus (2019-ncov)australiabarty, ashleighdjokovic, novakfritz, taylor harry (1997- )kenin, sofia (1998- )murray, andy (1987- )nadal, rafaelosaka, naomi (1997- )raducanu, emma (2002- )stephens, sloane","After Novak Djokovic’s immigration troubles, he is gone, but don’t worry: Plenty of other stars and story lines are ready for the spotlight.",1249
nyt://article/3c44471b-12d4-5dbc-912b-723afb0c0ca4,2022-01-16,what to cook this week,cooking and cookbookscontent type: service,"Try recipes for crispy Parmesan roast chicken, tempeh tacos, gingery cabbage rolls with pork, and more.",686
nyt://article/b24f375a-8d8c-56e5-8929-4a094ab5c15b,2022-01-16,ukraine doesn’t need the west to defend it. we need help preparing for war.,"defense and military forceswar and armed conflictsnorth atlantic treaty organizationputin, vladimir vcrimea (ukraine)europekyiv (ukraine)russia",Talks aren’t simply “talks” when you have a gun to your head.,956
nyt://article/61f020fd-6749-585d-b5dd-d8c070b64aa7,2022-01-16,this presidency isn’t turning out as planned,united states economyamerican rescue plan (2021)united states politics and governmentpresidential election of 2020supply chainamerican families plan (2021)american jobs plan (2021)infrastructure investment and jobs act (2021)democratic partyunited states,The problems the president is facing are an almost perfect inversion of the problems Obama faced.,1327
nyt://article/298ee593-7489-5162-b365-9cda4f19b0f4,2022-01-16,a ban on 19 singers in egypt tests the old guard’s power,musicpolitics and governmentartegypt,"Leaders of a musicians’ licensing group are trying to curb mahraganat, a bold genre wildly popular with young people. It is not clear if they can.",1437
nyt://article/a4501f77-ab92-58d7-9408-98b815a2c26b,2022-01-16,how i freed up time to daydream,internal-sub-only-nltwitterjesus christsocial mediasenses and sensationpolitics and government,An unexpected perk of quitting Twitter.,1298
nyt://article/30308d6e-514f-5142-a51a-fec33bad9823,2022-01-16,are trump’s followers too gullible?,"trump, donald junited states politics and governmentwages and salarieswomen and girlshomeless personspresidential election of 2020",Readers respond to a guest essay asserting that is why Republicans fall for the former president’s lies. Also: Women’s pay; the cost of homelessness; the big lie.,966
nyt://article/4d849488-0a33-5bdb-a36b-2d2b68a520de,2022-01-16,"steve jenkins, 69, dies; his children’s books brought science to life",deaths (obituaries)books and literaturewriting and writersartchildren and childhoodcaldecott medalanimals,"In plain language, he answered many burning questions: How do you catch a fly? What do animals do the day they’re born? How loud is a lion’s roar?",1037
nyt://article/47ae1e8e-64e9-5d46-96df-5edfb972edab,2022-01-16,the u.s. surgeon general warns that omicron has not yet peaked.,"vaccination and immunizationcoronavirus omicron variantcoronavirus (2019-ncov)murthy, vivek hjha, ashish (1970- )","As the fast-spreading variant has blanketed the country, known cases and hospitalizations have surged, and officials warn of tough weeks ahead.",774
nyt://article/581cc9f2-bb27-5dae-9f46-5a7be24dc28c,2022-01-16,"running resolutions: start slowly, and eat your favorite foods","content type: servicerunningdiet and nutritioncoaches and managersyoder begley, amyatlanta track club","We’re speaking with experts about how to have your best year of running. This week, we hear from a nutritionist and a running coach.",1345
nyt://article/8f6337a3-1067-567d-bfc0-7a58d131577f,2022-01-16,storm moves into the northeast after heavy snow in the south,snow and snowstormsiceweatherwinter (season)power failures and blackoutssouthern states (us)floodsrainmid-atlantic states (us)northeastern states (us),"The system spawned tornadoes in Florida and knocked out power to nearly 200,000 customers in the Southeast. It could bring a foot or more of snow to western Pennsylvania and northern New York State.",1190
nyt://article/3d5e3c5b-4718-5d0e-b84e-60acd1eb473f,2022-01-16,‘grateful to be alive’: what we know about the synagogue hostage rescue,"synagogueskidnapping and hostagescongregation beth israel (colleyville, tex)federal bureau of investigationcolleyville (tex)rescuesakram, malik faisal","The authorities have identified the suspect, a British citizen, who was killed when the hostages at a synagogue in the Dallas-Fort Worth area were freed on Saturday night.",624
nyt://article/54c67d62-efb5-5223-82e0-36b246250038,2022-01-16,‘devastated’: 15 fire victims are mourned at bronx service,"funerals and memorialsdeaths (fatalities)fires and firefightersislamic cultural center (bronx, ny)adams, eric lbronx (nyc)","The leader of the Islamic Cultural Center upbraided elected officials, saying of the victims, “The conditions in which they lived in the Bronx caused their death.”",919
nyt://article/5a554ca1-399e-54a4-806e-efa7c3d2db0f,2022-01-16,a quandary for new york restaurants and workers: what to do about omicron?,new york cityrestaurantsworkplace hazards and violationscoronavirus omicron variantcoronavirus (2019-ncov)shutdowns (institutional)quarantinesvaccination and immunizationtests (medical),"Without hard rules about employees who test positive, owners and workers are weighing safety against finances, and not always agreeing on the answer.",1638
nyt://article/8f4bc39f-3850-5af8-9135-18a5499d2860,2022-01-16,"the much-vaunted american melting pot, cracks and all",artkatonah museum of artkatonah (ny),"Columbus, the Middle Passage, the Mayflower. A thought-provoking exhibition, “Arrivals,” grapples with the myths and origin stories of how everyone set foot in this country.",1197
nyt://article/a5d89472-99c8-5776-b921-704182b2e27c,2022-01-16,"dallas frazier, who wrote hits for country stars, dies at 82","frazier, dallas (1939-2022)deaths (obituaries)country musiccountry music hall of fame and museum","His songs included the novelty number “Alley Oop,” the Oak Ridge Boys’ hit “Elvira” and “Beneath Still Waters” for Emmylou Harris.",901
nyt://article/92ef3c2d-5b4f-5921-8839-33e988a8ca50,2022-01-16,when two champions leagues titles in eight months don’t count,"soccermosimane, pitsocoaches and managersinternational federation of association football (fifa)al ahly (soccer team)content type: personal profile","Pitso Mosimane enjoyed a better 2021 than almost any coach in world soccer. Just don’t expect FIFA, or soccer, to notice.",1482
nyt://article/70adbd35-6b41-5ef0-bf62-3d865f706b06,2022-01-16,"ibrahim boubacar keita, malian president ousted in 2020, dies at 76","deaths (obituaries)bamako (mali)malikeita, ibrahim boubacar","Mr. Keita was elected in 2013 with a mandate to stem the country’s many crises. But during his tenure, they escalated.",524
nyt://article/ecd621c3-f762-5df7-9bfb-a373fa71e7e4,2022-01-16,failure on voting rights would be historic,"voting rights, registration and requirementsvoting and voterspolitics and governmentunited states politics and governmentbiden, joseph r jrblack peopleblacksdiscriminationdemocracy (theory and philosophy)",Democracy is losing.,890
nyt://article/b62c6c68-0901-5e93-8481-488ab83b67d5,2022-01-16,review: reveling in live dance at japan society,dancingcoronavirus (2019-ncov)japan society,"Despite the pandemic disruptions, this festival of contemporary dance from Asia went on, nearly as planned, with four North American premieres.",603
nyt://article/3b9a2eab-1784-57b9-94a2-992658d3fd99,2022-01-16,"australia acts, and novak djokovic exits","djokovic, novaktennisaustralian open (tennis)australiacoronavirus (2019-ncov)vaccination and immunization",Three readers applaud Australia’s decision to deport the tennis player over his refusal to get the Covid vaccine.,340
nyt://video/b76b32ef-381a-57a9-b4d8-74d582a27bb0,2022-01-16,mourners gather at funeral for bronx fire victims,funerals and memorialsaccidents and safetymosquesdeaths (fatalities)fires and firefightersbronx (nyc),"Crowds flocked to a mosque in the Bronx for a final goodbye to 15 of the 17 people killed in the Jan. 9 apartment building fire, which was the city’s deadliest blaze in decades.",0
nyt://article/a487ccf4-1615-519c-80d5-7f181b1b6c8f,2022-01-16,mexico city’s newfound status: a skateboarder’s paradise,skateboardingwomen and girlsmexico city (mexico)oaxaca (mexico),"With improved accessibility and support from the government, skateboarding schools, stores and a diverse social scene have taken flight.",873
nyt://article/656021ab-eded-57d8-8110-9f5c7d938866,2022-01-16,rafael nadal returns to australian open with more modest expectations,"tennisaustralian open (tennis)coronavirus (2019-ncov)nadal, rafaeldjokovic, novak","The 20-time Grand Slam tournament champion has cut himself, and even his rival, Novak Djokovic, some slack. “I want to be back on the tour, even if the preparation is not fantastic,” he said.",962
nyt://article/f60c2c42-854b-595d-a23a-50b6eb1dc3a1,2022-01-16,supply chain woes could worsen as china imposes new covid lockdowns,supply chainchinaportsinternational trade and world marketcoronavirus omicron variantships and shippingcoronavirus (2019-ncov)united states economy,American manufacturers are worried that China’s zero-tolerance coronavirus policy could throw a wrench in the global conveyor belt for goods this year.,1669
nyt://article/505ace74-61e5-5377-af29-7e2a25dc1de4,2022-01-16,now is the winter of broadway’s discontent,"theatercoronavirus omicron variantcoronavirus (2019-ncov)actors and actressesbroadway leagueactors equity assntimes square and 42nd street (manhattan, ny)ain't too proud -- the life and times of the temptations (play)american utopia (play)flying over sunset (play)mrs doubtfire (play)hadestown (play)thoughts of a colored man (play)isaacs, maramorisseau, dominiqueshindle, katest martin, charlotteviertel, jack","Curtains are rising again after the Omicron surge caused widespread cancellations, but attendance has fallen steeply. Nine shows are closing, at least temporarily.",1554
nyt://article/a2e50040-c116-5874-b47e-0f1473dd6c6b,2022-01-16,israeli artist turns plastic pollution into ‘earth poetica’,"content type: personal profileartplasticswater pollutionwaste materials and disposallikud party (israel)barkat, nirnetanyahu, benjaminisrael","In Beverly Barkat’s quest to connect people with nature, she found that environmental waste could be a powerful medium.",1320
nyt://article/0f048161-03a7-57e4-bc29-9c818a72ae28,2022-01-16,your monday briefing: djokovic leaves australia,"australiacambodiaeastern europetongaukrainerussiadjokovic, novakjohns, jasperputin, vladimir vnorth atlantic treaty organizationpolitics and governmentdefense and military forceswar and armed conflictssurveillance of citizens by governmentcomputers and the internetunited states international relationsaustralian open (tennis)tenniscoronavirus (2019-ncov)","Plus rising tensions between Russia and Ukraine, and Cambodia’s digital crackdown.",1282
nyt://article/d2591104-00f5-58a7-aab6-6de3b6c36c23,2022-01-16,"inside a deadly bronx fire: scenes of chaos, desperation and love",fires and firefightersdeaths (fatalities)accidents and safetyfire department (nyc)bronx (nyc),"When the building where they made their home became a smoke-filled death trap, hundreds of residents had to make life-or-death decisions as rescue workers raced to save them.",2319
nyt://article/a22c9d7e-d0d3-5824-a5f7-53315c56215b,2022-01-16,"andrew vachss, children’s champion in court and novels, dies at 79","child abuse and neglectsex crimesdeaths (obituaries)fresh air fundwinfrey, oprah","In hard-edged fiction and in the real-life courtrooms where he practiced law, he sought to shine a light on child sexual abuse.",1441
nyt://article/aeff9a74-2a9b-58f3-b7ad-27aec0bb5ff4,2022-01-16,tonga shrouded by ash and mystery after powerful volcano erupts,"tongavolcanoestidal waves and tsunamisdeaths (fatalities)ardern, jacindanew zealand","So far, the only deaths reported occurred 6,000 miles away, in Peru. But outside emergency workers have yet to make their way to the Pacific island nation.",727
nyt://article/76c66f42-ef3d-5b5f-b12d-eb106769d558,2022-01-16,up when you’re down,crossword puzzles,Sail away on Evan Mahnken’s puzzle.,1071
nyt://article/32042f84-b000-5027-aadf-8d55047b4b44,2022-01-16,what we learned in the n.f.l.’s wild-card round,"playoff gamesfootballbuffalo billscincinnati bengalslas vegas raidersnational football leaguenew england patriotsphiladelphia eaglestampa bay buccaneerspittsburgh steelersallen, josh (1996- )belichick, billbernard, giovani (1991- )bowles, todd (1963- )brady, tomburrow, joe (1996- )edwards, mike (1996- )gronkowski, robhurts, jalen (1998- )suh, ndamukongvea, vita (1995- )dallas cowboyssan francisco 49ersgaroppolo, jimmy (1991- )mccarthy, mike (1963- )moore, kellen (1989- )prescott, dak (1993- )shanahan, kyle (1979- )","The 49ers and Jimmy Garoppolo managed their game plan just well enough to upset the Cowboys, but blowouts in the rest of the wild-card matchups showed the folly of playoff expansion.",1805
nyt://article/f2c7f0ce-4ebc-5dea-8f34-95c335643c09,2022-01-16,tampa bay takes eagles out of their game and out of the playoffs,"footballplayoff gamesphiladelphia eaglestampa bay buccaneersarians, brucebarrett, shaquil (1992- )brady, tomevans, mike (1993- )fournette, leonard (1995- )hurts, jalen (1998- )pederson, dougpierre-paul, jason",Quarterback Tom Brady’s record in the playoffs improved to 35-11 as Tampa Bay clamped down on the league’s top rushing team.,923
nyt://article/4dc06a95-cda2-5ab9-aba2-0ea0bc5c9b73,2022-01-16,"in reporting a drop in daily cases, hochul sees reason for optimism.",,,541
nyt://video/67f65baa-4182-5d5e-9670-4e233b6fae7d,2022-01-16,tornadoes in florida cause widespread damage,tornadoesflorida,"A winter storm in the Southeast spawned multiple tornadoes in southwestern Florida, displacing about 200 people and causing widespread damage.",0
nyt://article/0b018061-56cb-5893-b627-bd8672f82aa1,2022-01-16,an unplayed australian open is a turning point for novak djokovic,"tennisaustralian open (tennis)coronavirus (2019-ncov)djokovic, novakisner, johnmedvedev, daniil (1996- )nadal, rafaelfederer, roger","Djokovic has rebounded from demoralizing periods in the past, but talented players are coming behind him, and his anti-vaccine stance has made him a global target.",1543
nyt://article/d2b37732-f503-5383-9b5a-512dd59af17c,2022-01-16,"charles e. mcgee, tuskegee airman promoted by trump, dies at 102","united states defense and military forcesworld war ii (1939-45)deaths (obituaries)discriminationrace and ethnicitytuskegee airmenmcgee, charles edward","In three wars, he flew a total of 409 combat missions. “We shattered all the myths,” he said of the accomplishments of Black pilots in World War II.",1623
nyt://article/fa264535-6958-54b0-8ad5-1f1cf625b8fb,2022-01-17,woman pushed onto subway tracks ‘never saw’ her attacker,"subwayscrime and criminalsmurders, attempted murders and homicidesmental health and disordersmartial, simon (january 15, 2022 murder)go, michelle alyssa","“She was just the person who did everything right,” a neighbor said of Michelle Go, who died on Saturday when a homeless man pushed her in front of an R train.",1452
nyt://article/aa0ffa28-8f84-5a8a-9c4d-a0856fa9d618,2022-01-17,scenes from a weekend of mourning in the bronx,"funerals and memorialsaccidents and safetyislamic cultural center (bronx, ny)fire department (nyc)adams, eric lbronx (nyc)fires and firefighters",Prayer services were held for 15 of the 17 victims of the fire that broke out last week at the Twin Parks North West building.,478
nyt://article/a8cd2b1d-beab-5c35-a403-6395feaa1db2,2022-01-17,custom 1951 mercury sells at auction for $1.95 million,"hirohata, masato (bob) (d 1981)barris, george (1925-2015)mecum auctionsantique and classic carsrestoration and renovationauctions","The Hirohata Merc, a prime example of the custom car scene that blossomed in midcentury Southern California, notched two records in its sale.",380
nyt://article/0e723422-6b71-5929-8487-2d0a7e493c9c,2022-01-17,north korea launches 2 short-range ballistic missiles,north koreamissiles and missile defense systemsembargoes and sanctionskim jong-unsecurity council (un)international relationssouth koreaunited states,"The recent missile activity has raised tensions in the region at a sensitive time, and has prompted the United States to call for more sanctions on the North.",445
nyt://article/f81238c5-d68e-54d9-a6ee-4f0ccb05bc9c,2022-01-17,who is king of florida? tensions rise between trump and a former acolyte.,"presidential election of 2024republican partyballard, brian ddesantis, rontrump, donald j",A spat over Covid has exposed friction between the former president and a rising G.O.P. governor unwilling to curb his ambitions.,1596
nyt://article/2793b5a3-1d19-54a5-aacd-3f18deaafa27,2022-01-17,"china’s economy is slowing, a worrying sign for the world",chinaxi jinpingchina evergrande groupcommunist party of chinainternational monetary fundkaisa group holdings ltdnational bureau of statistics (china)politics and governmenteconomic conditions and trendscoronavirus (2019-ncov)international trade and world marketconsumer behavior,"Economic output climbed 4 percent in the last quarter of 2021, slowing from the previous quarter. Growth has faltered as home buyers and consumers become cautious.",1395
nyt://article/b188134c-c7da-55bf-aa40-c18d13b10e82,2022-01-17,cowboys come up short against 49ers long before clunky finish,"dallas cowboyssan francisco 49ersfootballnational football leagueplayoff gamesgaroppolo, jimmy (1991- )prescott, dak (1993- )jones, jerrysamuel, deebo (1996- )",The No. 6-seeded 49ers upset the No. 3-seeded Cowboys after a chaotic final drive that will prolong Dallas’s disappointment.,1172
nyt://article/c07d6d1e-f439-5cc5-9ab8-a4cd2c9bec5a,2022-01-17,the chairman of credit suisse resigns after an inquiry into his pandemic conduct.,"appointments and executive changescoronavirus (2019-ncov)credit suisse group aghorta-osorio, antonio","António Horta-Osório is out, less than a year after he stepped into the role.",304
nyt://article/ba0054b2-662a-5407-9ffe-67395de7c67a,2022-01-17,melanie lynskey on that chilling ‘yellowjackets’ finale,"televisionyellowjackets (tv program)lynskey, melanieshowtime","The actress discussed her character’s cool under pressure, her favorite fan theories and one thing she insisted to writers that Shauna would never do.",1477
nyt://article/45c22193-cacf-591a-a40e-e5caca1508dc,2022-01-17,"11 hours of fear, negotiation and finally, relief","kidnapping and hostagessynagoguesjews and judaismrabbisfederal bureau of investigationhomeland security departmentakram, malik faisalcolleyville (tex)dallas (tex)deaths (fatalities)congregation beth israel (colleyville, tex)","The F.B.I. identified Malik Faisal Akram, a British national, as the man who took hostages in a Texas synagogue on Saturday. He was killed during the rescue operation.",1438
nyt://article/da53b94f-c0ae-5006-a326-c923889ff391,2022-01-17,your monday briefing,,Threats from Russia.,1308
nyt://article/2e2f33e7-7c73-5db7-ae9f-5e50d58aa32e,2022-01-17,what’s on tv this week: michelle obama and ‘billions’,televisionmovies,A conversation with Michelle Obama airs on BET. And Showtime’s “Billions” begins a new season.,957
nyt://article/792ea548-a3ef-5b26-be1b-66af8e51a7e9,2022-01-17,"china’s births hit historic low, a political problem for beijing",populationcensuscommunist party of chinanational bureau of statistics (china)chinaeconomic conditions and trendspolitics and government,"The demographic crisis, a challenge to the economy, also signals a limit to the reach of the government, which has struggled recently to grow the population.",1156
nyt://article/43027cd3-0360-5c4a-8342-229ac76aff74,2022-01-17,"poroshenko, ex-president, returns to ukraine, roiling politics","politics and governmentdefense and military forceswar and armed conflictsunited states international relationsnorth atlantic treaty organizationporoshenko, petro olekseyevichzelensky, volodymyrputin, vladimir vukrainerussia","Petro O. Poroshenko, a former president, returned to Kyiv on Monday facing possible arrest, adding internal political turmoil to a threat of Russian invasion.",1188
nyt://article/2e7ab9a0-679e-5816-ac65-c7c053b265dc,2022-01-17,spelling bee forum,spelling bee (game),Feeling stuck on today’s puzzle? We can help.,241
nyt://article/b7f649ea-964a-566a-89f5-9d0cbf38ba79,2022-01-17,the c.d.c.’s new challenge? grappling with imperfect science,"your-feed-sciencecoronavirus (2019-ncov)quarantinescenters for disease control and preventionwalensky, rochellenational institutes of healthcoronavirus omicron variant","The Omicron coronavirus variant is moving much faster than researchers can, worsening a longstanding problem: The agency must make tough decisions with scant data.",1587
nyt://article/2e95b2e8-c462-50fc-8d99-2b0812db46d1,2022-01-17,eastern europe tests new forms of media censorship,"politics and governmentelectionsfreedom of the pressnews and news mediavucic, aleksandarorban, viktorhungarypolandserbia","With new, less repressive tactics, countries like Serbia, Poland and Hungary are deploying highly effective tools to skew public opinion.",1513
nyt://article/e1b92e4e-46fd-5173-87c0-589b3036b561,2022-01-17,the bronx fire victims: passionate students and hardworking parents,"fires and firefighterstouray, abdoulie (d 2019)bronx (nyc)gambia","The victims, eight children and nine adults, came from a tight-knit community of West African immigrants.",1791
nyt://article/077ec038-e39b-55be-ac40-268811471a79,2022-01-17,"a record virus surge in the philippines, but doctors are hopeful",coronavirus omicron variantcoronavirus delta variantcoronavirus (2019-ncov)lungsphilippines,"Health officials say recent infections have been milder than those seen in previous waves, though they are still urging caution.",1220
nyt://article/545bdf52-0513-59a3-bbfc-7a08a7b62c9e,2022-01-17,a strong new lead in ‘the betrayal of anne frank’,"sullivan, rosemary (1947- )frank, annebooks and literatureholocaust and the nazi era",Rosemary Sullivan’s new book chronicles the emergence of a new suspect who might have informed the authorities of Frank’s whereabouts.,1063
nyt://article/2b8f29c0-392c-5f56-b3e1-565ac38e3678,2022-01-17,the too-short evolution of mac miller,"books and literaturemiller, macrap and hip-hopmusiccontent type: personal profile","“Most Dope,” a biography by Paul Cantor, offers a tender remembrance of a precocious talent.",775
nyt://article/760ed12b-2ff2-5898-ba41-39fd31e9922d,2022-01-17,try intuitive eating to break the diet cycle,content type: serviceweightdiet and nutritioncalories,Today’s Eat Well Challenge will help you avoid the “what-the-hell” effect and tune into your body instead.,1479
nyt://article/c7e30b02-1a0c-57fe-976e-c2e3d822479a,2022-01-17,"alone with a basketball, a hoop, and covid",coronavirus (2019-ncov)basketballquarantine (life and culture),"Separated from his family, he launched jump shots in the driveway and wondered: Will we ever properly mourn the ones we’ve lost? Will we ever smile again? The answers were hit or miss.",895
nyt://article/0c2ef2f6-30e4-5c5e-91b2-b1517877263e,2022-01-17,the persistent gender gap at the supreme court lectern,"supreme court (us)women and girlsdiscriminationginsburg, ruth bader","More than 40 years after Ruth Bader Ginsburg last appeared as a lawyer at the Supreme Court, relatively few women argue cases there.",803
nyt://article/b3a57f86-7e06-5522-8f98-1ada3ae281ff,2022-01-17,"for two roommates, the fine print held a big surprise",real estate and housing (residential)renting and leasing (real estate),"The two young women had a lot to learn, but they came out on top in Brooklyn with a self-guided crash course on the New York City real estate market.",1168
nyt://article/fa9851c1-6eaf-5526-8a9f-c75da1430c27,2022-01-17,boom times for classic car auctions conducted online,"antique and classic carsbring a trailer media llcbonhams 1793 ltdporsche agnonnenberg, randy","Bring a Trailer had a huge year, but rivals big and small are planning to grab a piece of this market, which the pandemic has accelerated at a breakneck pace.",1233
nyt://article/5faff9f1-f812-5900-95d2-b7eb4ec30c67,2022-01-17,america’s ugliest confederate statue is gone. racism isn’t.,"monuments and memorials (structures)black peopleblackscivil war (us) (1861-65)tennesseeforrest, nathan bedford",The act of taking down a memorial — like the act of putting one up — is largely symbolic. But  symbols also tell us who we are.,1204
nyt://article/55f6b605-3986-58e8-8105-72070a0e060c,2022-01-17,schwarzenegger: we put solar panels on 1 million roofs in california. that win is now under threat.,"solar energycaliforniapolitics and governmentstate legislatureshome repairs and improvementsroofscalifornia public utilities commissionpacific gas and electric conewsom, gavin",Removing incentives to encourage homeowners to install solar panels is a bad idea.,1042
nyt://article/848b76be-9d8d-5f3d-a395-837b7839a3e4,2022-01-17,"welcome to the ‘well, now what?’ stage of the story","presidential election of 2024quarantine (life and culture)united states politics and governmentfilibusters and debate curbsdemocratic partysenatebiden, joseph r jrbuttigieg, pete (1982- )cruz, tedharris, kamala d",It’s been a very long year for Joe Biden. ,1588
nyt://article/e28a1219-771c-5233-8cec-51674bffaf0a,2022-01-17,what the supreme court’s vaccine case was really about,united states politics and governmentvaccination and immunizationworkplace hazards and violationslabor and jobscoronavirus return to officecoronavirus (2019-ncov)courts and the judiciaryregulation and deregulation of industryfood and drug administrationsupreme court (us)occupational safety and health administrationrepublican party,The justices are turning around long-established law giving government agencies running room to do their jobs.,1843
nyt://article/0e409278-cac6-5622-9017-1384909dd2b8,2022-01-17,a slaughter of wolves like this hasn’t been seen in a century,"wolvesendangered and extinct specieshunting and trappingconservation of resourcesstate legislatureselklivestocknational parks, monuments and seashoresfish and wildlife servicehouse of representativessenatebooker, cory agianforte, greg (1961- )idahomontanawyomingyellowstone national park",Wolves have thrived since returning to the Northern Rockies. Now they face relentless assault by hunters and trappers.,1147
nyt://article/2510c6e8-da3b-53d4-abb6-f249bdcf1ffe,2022-01-17,"the eerie, lunar nothingness of namibia’s skeleton coast",travel and vacationsnamibiadesertsquarantine (life and culture)road tripsshipwrecks (historic),"The stretch of coastline in southwest Africa is a strange and beautiful reminder that, in the end, we are powerless against nature and time.",1186
nyt://article/c70f7f14-bf99-53c5-b0b9-b1207890a12e,2022-01-17,"a grand miami beach hotel, and its history, might be torn down",historic buildings and sitesbuildings (structures)travel and vacationsmiami design preservation leaguefloridamiami beach (fla),"The Deauville Beach Resort played host to The Beatles, Frank Sinatra and John F. Kennedy. But it has been deemed unsafe after years of neglect.",1321
nyt://article/44bd060a-4fe5-56b6-86fc-05398b7e36f5,2022-01-17,winter storm drops heavy snow in the northeast as the south digs out,weatherwindsnow and snowstormstraffic accidents and safetypower failures and blackoutsnational weather servicesouthern states (us)pennsylvanianortheastern states (us)new york stateappalachian region,"The storm pummeled parts of the U.S. and Canada over the holiday weekend, leaving two dead and thousands without power in the Southeast. More than 1,700 flights were canceled.",1172
nyt://article/d6d3e534-d405-5953-bc19-a7484021c8d3,2022-01-17,behind the movement to create more black video game characters,"black peopleblackscomputer and video gamesdiscriminationrace and ethnicityrae, issa","The lack of Black representation in games stems from a failure to understand the Black gaming audience, creators say.",1251
nyt://article/117c4b92-3de3-5bad-bc29-c8021ef55713,2022-01-17,"dictator’s son can stay in philippine presidential race, officials say","marcos, ferdinand jrmarcos, ferdinand eduterte, saraduterte, rodrigomarcos, imelda rmanila (philippines)philippinespolitics and government","With Ferdinand Marcos Jr. leading in the polls, victims of his father’s regime have not given up their fight to keep his name off the ballot.",505
nyt://article/6a722f5f-74ad-50a9-9442-2f79afd44716,2022-01-17,"no corrections: jan. 17, 2022",,"No corrections appeared in print on Monday, Jan. 17, 2022.",52
nyt://article/f6fc11e0-14a4-5f22-9126-819a21e851d9,2022-01-17,quotation of the day: a renegade pop music genre challenges the old guard,,"Quotation of the Day for Monday, January 17, 2022.",42
nyt://article/9e2728df-5dfd-5e3f-a666-95cdc9ae5ba0,2022-01-17,philippines grapples with a record surge after the holidays.,,,209
nyt://article/f0eae40a-c7c9-584f-a85d-d68544f5d496,2022-01-17,"in volcano’s aftermath, an agonizing wait for tonga news",volcanoestidal waves and tsunamistonga,Overseas Tongans were desperately seeking word from their loved ones after a huge undersea eruption severed communications lines two days ago.,984
nyt://article/a2011d6f-ec7b-5373-9481-e078cf788611,2022-01-17,news analysis: variants force the c.d.c. to make decisions with scant data.,,,318
nyt://article/77d671af-07bb-5c85-ba5b-82707a72f580,2022-01-17,french far-right candidate convicted for inciting racial hatred,"zemmour, ericfranceelectionsimmigration and emigrationpolitics and governmentdiscriminationpolls and public opinionle pen, marinemacron, emmanuel (1977- )paris (france)","Éric Zemmour, a pundit whose presidential run has upended French politics, had called unaccompanied migrant children “murderers” and “rapists” on television.",867
nyt://article/8f311d46-63a5-5047-a511-bb76df814ddb,2022-01-17,"after quarantine, keeping up the korda family tradition","tennisaustralian open (tennis)korda, sebastian (2000- )","Sebastian Korda’s father and sisters have won in Australia. Now, Korda has recorded his first Australian Open win.",619
nyt://article/4465fdcf-6eb8-56c1-b3f3-d905ac049cbd,2022-01-17,yemen’s houthi militia claims rare military strike on u.a.e.,drones (pilotless planes)deaths (fatalities)houthisyemenabu dhabi (united arab emirates)united arab emirates,"Emirati officials said that several people had been killed in an explosion of fuel tankers in Abu Dhabi, apparently caused by a drone attack.",755
nyt://slideshow/ba684a41-ff71-5e72-aa31-a395700ec410,2022-01-17,what you get for $3.2 million in california,real estate and housing (residential)beverly hills (calif)carmel (calif)los gatos (calif),"A Belgian farmhouse-style home in Beverly Hills, a 1910 Craftsman in Los Gatos and a cottage in Carmel-by-the-Sea.",0
nyt://article/128345df-a557-54fd-a3e4-7f825e9554b7,2022-01-17,$3.2 million homes in california,real estate and housing (residential)beverly hills (calif)los gatos (calif)carmel (calif),"A Belgian farmhouse-style home in Beverly Hills, a Craftsman bungalow in Los Gatos and a cottage in Carmel-by-the-Sea.",1098
nyt://article/47b6a5e5-59f7-5e9a-8d40-b00e2882fa71,2022-01-17,janis ian lets her music speak her mind (one last time),"content type: personal profilepop and rock musician, janis","At 70, the singer-songwriter who has always been unafraid of difficult subjects is releasing a final album, “The Light at the End of the Line.”",1243
nyt://article/7462286c-fefb-58f9-a893-f848add06c79,2022-01-17,china decides not to sell olympics tickets to the chinese public.,chinacoronavirus omicron variantbeijing (china)olympic gamesolympic games (2022)coronavirus (2019-ncov)coronavirus risks and safety concernsinternational olympic committee,,499
nyt://article/6da25df5-8c75-5cec-8746-1a2f402d51cc,2022-01-17,djokovic returns to warm embrace in home country of serbia,"tennisaustralian open (tennis)decisions and verdictsdjokovic, novakbelgrade (serbia)serbiaaustralia",Novak Djokovic’s deportation from Australia over his vaccination status could signal future difficulties in his quest to win a record 21st tennis Grand Slam title.,613
nyt://article/27af93c5-c92f-5298-8c6d-7735843efaad,2022-01-17,a tense texas standoff leads to emotional phone call between brothers,"synagoguesterrorismenglandkidnapping and hostagescongregation beth israel (colleyville, tex)akram, malik faisal","Gulbar Akram described his brother, Faisal, who was holding four hostages in a Texas synagogue on Saturday, as deeply troubled. He said he worked with the police to try to “talk him down.’’",1199
nyt://article/9bdda95b-afd7-5bfe-a5d9-f51acde6c209,2022-01-17,when dementia strikes at an early age,"alzheimer's diseasememorydementiadreamschronic traumatic encephalopathybrainsports injuriesage, chronologicalfrontotemporal dementiajama neurology (journal)","Dementia in a person in their 30s, 40s or 50s poses special challenges, starting with getting a diagnosis.",1102
nyt://article/3bc68274-30a0-5fb0-9f37-ec09f82bcdf9,2022-01-17,bbc funding frozen for 2 years as cabinet minister attacks public fee,"televisionpolitics and governmentprices (fares, fees and rates)british broadcasting corpconservative party (great britain)daily mailgreat britain",The license fee on TV owners makes up three-quarters of the British broadcaster’s income and is guaranteed until 2027.,880
nyt://article/b4f85de3-46e5-5cde-90a2-f5c50ac6842e,2022-01-17,what to cook right now,cooking and cookbookscontent type: service,"Chicken meatball soup, potato and cheese pierogi, and more recipes.",479
nyt://article/f804a2dd-fbd8-57ae-af9a-3a4e25c07fbd,2022-01-17,a california city is overrun by crows. could a laser be the answer?,crows (birds)birdslaser (light amplification by stimulated emission of radiation)californiasilicon valley (calif)sunnyvale (calif),"In a move befitting its Silicon Valley setting, the city of Sunnyvale, Calif., will aim a laser at 1,000 birds that have overwhelmed the downtown area during the pandemic.",656
nyt://article/b8d8d8bd-5f55-5744-b2da-245e5ab3f376,2022-01-17,"just when broadway figures out how to keep shows running, the audiences vanish.",,,278
nyt://article/9b5162b5-ab55-552a-adac-2b9e323302e8,2022-01-17,the real roots of the debate over schools during covid,internal-sub-only-nleducation (k-12)vaccination and immunizationfrauds and swindlingparanoiacoronavirus (2019-ncov),How “taxpayer” became just another kind of consumer.,1680
nyt://article/c0fc1a1f-d3c2-56f5-95dd-7ecddd7feb58,2022-01-17,"ralph emery, the dick clark of country music, dies at 88",deaths (obituaries)nashville (tenn)country musicradiogrand ole opry house,"For six decades he promoted country performers on radio and television, earning a place in the Country Music Hall of Fame.",992
nyt://article/4f7603ea-7d97-59ca-8c41-3e902b53ca87,2022-01-17,officials investigating synagogue attacker’s link to 2010 terror case,"texassynagoguesakram, malik faisalsiddiqui, aafiaterrorismkidnapping and hostagesjews and judaismstatue of libertypakistancongregation beth israel (colleyville, tex)",Aafia Siddiqui has spent almost 12 years in a U.S. federal prison after being convicted of trying to kill American soldiers and plotting to blow up the Statue of Liberty.,879
nyt://video/8cffab3b-7f17-5817-ba9f-76ae3332bb5a,2022-01-17,"northern states see a wintry mix of snow, ice and rain",snow and snowstormsdelays (transportation)states (us),"A strong winter storm spread into the Northeast after slamming parts of the South, bringing heavy snow and causing hundreds of flight cancellations.",0
nyt://article/e67fe200-65db-5327-ad8e-e4a57b471b2e,2022-01-17,unilever pursues glaxo and pfizer consumer health venture,"mergers, acquisitions and divestituresdrugs (pharmaceuticals)cold and cold spellsglaxosmithkline plcpfizer incunilever nvlondon (england)","Rejected three times, Unilever suggests it will keep fighting to acquire a giant in the world of pain relievers, toothpastes and cold treatments.",614
nyt://article/e1741a2a-38e4-580f-8e8b-72fc201f12bf,2022-01-17,a fighter for press freedom is expanding her battle,"ginsberg, jodiefreedom of the pressnews and news mediahuman rights and human rights violationscommittee to protect journalistslondon (england)rajab, nabeel","Jodie Ginsberg, a veteran British journalist and advocate, will become the president of the Committee to Protect Journalists at a time when attacks on the press are at an all-time high.",1100
nyt://article/96a0640a-78f6-556a-985b-5ca2881c4966,2022-01-17,"in london shops, greek cheese, sicilian citrus and british headaches",international trade and world marketfoodgreat britain withdrawal from eu (brexit)european uniongreecegreat britaincustoms (tariff)agriculture and farming,"For companies depending on fast, small deliveries, the costs of new Brexit trade rules are mounting.",1407
nyt://article/29177d24-632b-533d-bee0-5a4bcf699b66,2022-01-17,a love of trees or a display of power? the odd park of an oligarch.,"georgia (georgian republic)trees and shrubsblack seapolitics and governmenthigh net worth individualsivanishvili, bidzinasaakashvili, mikheil",A billionaire former prime minister says he has retired from Georgia’s fraught politics. His critics say he still wields considerable power. What’s beyond dispute: his obsession with trees.,1252
nyt://article/4b660502-8679-5afc-afb4-c50a88ed1ff8,2022-01-17,a north sea auction produces big plans for scottish wind farms,wind poweroil (petroleum) and gasolinealternative and renewable energyenergy and powerbp plciberdrola sawood mackenzie ltdaberdeen (scotland)edinburgh (scotland)germanygreat britainroyal dutch shell plc,"Oil giants like BP and Shell propose to spend billions on renewable energy, bolstering Scotland’s efforts to move away from an economy based on fossil fuel.",700
nyt://interactive/48448c6f-1678-5043-b7ab-c42809a60684,2022-01-17,on the scene: trump's latest rally,"republican partytrump, donald jarizona","At the first Trump rally since President Biden accused his predecessor of holding “a dagger at the throat of America,” the conservative outrage at the current president was palpable.",0
nyt://article/5bf1cfa4-9cc8-58c1-9214-5cf292e8fe09,2022-01-17,"in a double bill, the avant-garde meets a very good girl","theaterps21 (chatham, ny)rambert, pascal","Excellent performances, including one by a well-behaved dog, warm up two experimental plays upstate.",1009
nyt://article/58ba5342-2f6e-5261-9da7-600a9f3e2648,2022-01-17,"sales of electric vehicles surpass diesel in europe, a first",electric and hybrid vehiclestesla motors incvolkswagen ageurope,"The popularity of battery-powered cars is soaring while the overall auto market stagnates, a worldwide trend.",465
nyt://article/c506a120-cef1-5eb9-b542-4866ae0369b1,2022-01-17,"the hostages escaped. but synagogues ask, how can they be more secure?","kidnapping and hostagessynagoguesrabbisterrorismcolleyville (tex)deaths (fatalities)jews and judaismakram, malik faisalfederal bureau of investigationcongregation beth israel (colleyville, tex)",The hostages whispered instructions and edged closer to the door — part of invaluable training that anxious congregations are using.,1392
nyt://article/383f7de3-3704-5e74-8e17-2b0d3594c76e,2022-01-17,"review: in ‘witness,’ seeking a haven for jewish refugees","theaterjews and judaismrefugees and displaced personsholocaust and the nazi eraarlekin players theatergolyak, igor",The experience of Jews who fled Germany in 1939 aboard the St. Louis luxury liner is the subject of a new production from the Arlekin Players Theater.,601
nyt://article/2cf8c38f-29ff-599e-a75b-4517dc75f29e,2022-01-17,two members of the joint chiefs test positive for the coronavirus.,"coronavirus (2019-ncov)joint chiefs of staffmilley, mark a","Gen. Mark A. Milley, the chairman, and Gen. David H. Berger, the commandant of the Marine Corps, were both vaccinated.",253
nyt://article/22f9614e-cb2d-57f4-9639-45ae4c4faf64,2022-01-17,"mothers, absent and present",women and girlssingle mothersparentingcolleges and universitiesfinancial aid (education)admissions standardschristians and christianityfactories and manufacturinglabor and jobs,"Not all mothers have the luxury of being “absent,” a reader writes. Also: A lawsuit against 16 elite schools; the heart of Christianity; jobs in manufacturing. ",714
nyt://article/6143d114-a477-5d34-bd65-6f3f9d9321e6,2022-01-17,"after ‘clyde’s,’ lynn nottage just has two shows onstage. ‘whew!’","theaternottage, lynnclyde's (play)intimate apparel (play)mj (play)aduba, uzojones, ron cephas","With one play closed, Nottage can focus on “MJ” on Broadway and “Intimate Apparel” at Lincoln Center Theater. And maybe even catch her breath.",1315
nyt://article/a9852283-5bc3-5788-9290-0f9c253d0c0e,2022-01-17,your tuesday briefing: china limits olympic spectators,,Tickets for the Winter Olympics will not be sold to the public.,1099
nyt://article/0f819488-e291-565e-bd1f-203dfb8b2bc9,2022-01-17,senate democrats press ahead with debate on voting rights bill,"senatedemocratic partyvoting rights, registration and requirementsvoting rights act (1965)law and legislationfilibusters and debate curbsunited states politics and government","The Senate on Tuesday will begin to debate new voting rights protections, even though the measure appears all but dead in the face of two key Democratic defections.",868
nyt://video/f7361780-d817-51d9-8fae-5668f53f9dca,2022-01-17,"martin luther king jr.’s family tells senate to legislate, ‘not celebrate’","voting rights, registration and requirementsking, martin luther jrsenatepolitics and governmentlaw and legislation",Relatives of the Rev. Dr. Martin Luther King Jr. marched on Washington and urged the Senate to pass voting rights legislation.,0
nyt://article/dddfa813-98d5-5c51-9e64-727e101f93fb,2022-01-17,coronavirus briefing: omicron and the need for speed,coronavirus omicron variantcenters for disease control and prevention,The variant is forcing the C.D.C. to make decisions at a breakneck pace,1075
nyt://article/6c58cad2-c026-5cf6-8e56-d0b5a3dd2ce7,2022-01-17,here’s where subway riders have returned. and where they haven’t.,"subwaystransit systemscommutingcoronavirus return to officecoronavirus reopeningsmetropolitan transportation authoritynew york citycorona (queens, ny)sunset park (brooklyn, ny)financial district (manhattan, ny)","We talked to New Yorkers at stations in Queens, Brooklyn and Manhattan. Their experiences riding the subway hint at the barriers to drawing back those who are not.",2213
nyt://article/4d8a608e-981e-5aa5-8f94-0e9fd33db063,2022-01-17,"covid, china, trump: your monday evening briefing",,Here’s what you need to know at the end of the day.,1281
nyt://article/a2a69ad0-8bcc-52ba-9b39-30b8bafd0d65,2022-01-17,"pelicans choose to remain upbeat, not beaten down","basketballhart, josh (1995- )new orleans pelicans (basketball)national basketball assngreen, willie (1981- )williamson, zion (2000- )","New Orleans guard Josh Hart is assembling his most complete pro season under a new coach who is relentlessly positive, and for a team that is still missing Zion Williamson.",981
nyt://article/5c7dc11a-28fa-5dc2-8c8f-4d31c7572937,2022-01-17,airlines warn of chaos if 5g mobile service is deployed this week,"airlines and airplanes5g (wireless communications)at&t incverizon communications incbuttigieg, pete (1982- )","Thousands of planes could be grounded because the new internet technology interferes with sensors, the industry reiterated in a letter to federal officials.",408
nyt://article/a33a7dc3-532d-5d5d-9c9e-8a935c4a789b,2022-01-18,why a blue city is feeling the blues,economic conditions and trendscoronavirus (2019-ncov)international trade and world marketnew york cityzoning,New York is paying a price for Wall Street’s economic dominance.,913
nyt://article/3a2ac9fe-b034-5ebc-a360-cca8ca88c104,2022-01-18,marchers honor king and call on senate to pass voting rights legislation,"washington (dc)king, martin luther jrvoting rights, registration and requirementsfilibusters and debate curbssenatedemocratic partybiden, joseph r jrunited states politics and government",The holiday came a day before the Senate returns to debate what is expected to be a doomed effort to pass the legislation. But advocates say they aren’t giving up.,898
nyt://article/f68a0d2d-93ca-5a69-a12d-537080881b5a,2022-01-18,"russia thins out its embassy in ukraine, a possible clue to putin’s next move","diplomatic service, embassies and consulatesevacuations and evacueesdefense and military forceswar and armed conflictscyberwarfare and defensepolitics and governmentunited states international relationsembargoes and sanctionskyiv (ukraine)russiaukrainebelarusputin, vladimir vlukashenko, aleksandr gzelensky, volodymyr","The slow evacuation may be part propaganda, part preparation for a conflict or part feint, Ukrainian and U.S. officials say. It could be all three.",1351
nyt://article/0b2b3a49-a2bc-58bf-89e8-e3cdc9f30a24,2022-01-18,eric adams ran on making new york safer. a subway killing poses a test.,"adams, eric lcrime and criminalsmurders, attempted murders and homicideshomeless personsnew york citygo, michelle alyssa","The mayor, who made improving public safety a theme of his campaign, is dealing with the fallout from a high-profile death in Times Square.",1300
nyt://article/dd0b88e6-494e-552f-b4f2-94a98b14132e,2022-01-18,detainees sue arkansas jail that gave them ivermectin to treat covid,coronavirus (2019-ncov)drugs (pharmaceuticals)ivermectin (drug)suits and litigation (civil)american civil liberties unionfood and drug administrationarkansas,"For months, the jail’s doctor has promoted the drug, which health experts say should not be used to treat or prevent Covid-19.",638
nyt://article/b64609fd-b98b-539f-a350-caae140e67f9,2022-01-18,it’s the word,crossword puzzles,Kate Schutzengel makes her New York Times debut.,1127
nyt://article/c1843c97-a353-5ae9-9798-7610abffe308,2022-01-18,omicron prompts more cruise lines to cancel trips.,coronavirus (2019-ncov)cruisesships and shippingcelebrity cruises incroyal caribbean cruises ltd,"In recent weeks, hundreds of passengers have contracted the coronavirus aboard ships.",286
nyt://article/7efc0439-1c8f-5876-a1a6-afb6d4da91d7,2022-01-18,2 earthquakes in remote area of western afghanistan kill at least 22,afghanistanbadghis province (afghanistan)earthquakesdeaths (fatalities)united states geological survey,There were fears the death toll could rise as the first rescuers reached some of the mountainous villages struck by the temblors in one of Afghanistan’s most impoverished regions.,200
nyt://article/2a58b94c-9ef5-5930-b87a-762b32c9dbca,2022-01-18,"it’s not ‘woke’ for businesses to think beyond profit, blackrock chief says","fink, laurence dblackrock inccorporate social responsibility","Larry Fink’s latest annual letter to corporate America clarifies, and defends, his approach to social and environmental issues at the world’s largest money manager.",911
nyt://article/175d7d36-4764-5857-8147-bc5d6cfa8595,2022-01-18,why can’t we turn away from the n.f.l.?,"footballplayoff gamesblack peopleblackscoronavirus (2019-ncov)chronic traumatic encephalopathynational football leaguemahomes, patrick (1995- )flores, brian (1981- )staley, brandon",The exploding viewership for N.F.L. games and the league’s ever-expanding season resist all scandal and reason. Our columnist asks why.,915
nyt://article/0c98a959-3669-5bc2-a33e-e503c739b423,2022-01-18,italy ponders a new role for draghi. let the politicking begin.,"politics and governmentdemocratic party (italy)italyberlusconi, silviodraghi, mariomattarella, sergiolegislatures and parliaments","Prime Minister Mario Draghi is in the running to be the next president, a powerful but often-ceremonial role that could take his hand off day-to-day affairs.",1407
nyt://article/9666ae43-0367-52cd-9211-0fe753c0c9f0,2022-01-18,stafford and beckham get playoff vindication in rams win,"footballplayoff gamesarizona cardinalslos angeles ramsnational football leaguetampa bay buccaneersbeckham, odell jrkupp, cooper (1993- )mcvay, sean (1986- )miller, vonmurray, kyler (1997- )stafford, matthew","Matthew Stafford and Odell Beckham Jr., prolific stars with little postseason notoriety, propelled the Rams to a wild-card round victory over the Cardinals on Monday.",936
nyt://article/cf71f4f8-158a-5ec3-92f1-707038bea62a,2022-01-18,your tuesday briefing,,Omicron’s effect on the pandemic.,1402
nyt://article/ed1e3c6a-6c95-521d-9551-4cec86542ced,2022-01-18,quotation of the day: worries in china that population may soon shrink,,"Quotation of the Day for Tuesday, January 18, 2022.",44
nyt://article/730b282d-7d1e-51e0-a70f-447d04e90b79,2022-01-18,word of the day: relinquish,,This word has appeared in 122 articles on NYTimes.com in the past year. Can you use it in a sentence?,364
nyt://article/85ba6d52-5a2e-55be-993a-bfee9017e8c8,2022-01-18,jimmy kimmel recaps trump’s latest rally,"colbert, stephentelevisionfallon, jimmykimmel, jimmymeyers, sethlate show with stephen colbert (tv program)late night with seth meyers (tv program)the tonight show (tv program)jimmy kimmel live (tv program)","“Thousands of people showed up, because there’s nothing to do in Florence, Arizona,” Kimmel said.",426
nyt://article/edaa1aee-db8d-5d73-aa9d-ca13b3ed8ec7,2022-01-18,your word of the year,,"If you had to choose just one to represent your hopes for 2022, what would it be?",149
nyt://article/fe7fe724-c51d-5dfa-9f7e-fd5e58d3e94e,2022-01-18,spelling bee forum,spelling bee (game),Feeling stuck on today’s puzzle? We can help.,236
nyt://article/5ac35bf1-774d-5867-9ef7-901fd41cc910,2022-01-18,"in arkansas, trans teens await an uncertain future",your-feed-sciencediscriminationteenagers and adolescencelaw and legislationestrogentransgender and transsexualshormonesdepression (mental)anxiety and stressmental health and disordersamerican academy of pediatricsamerican civil liberties uniongood shepherd lutheran churcharkansastennesseetexasyour-feed-health,"Even as the medical community grapples with how best to provide care to transgender adolescents, some states seek to ban it outright.",1647
nyt://article/81757aa1-a345-5d1b-91b1-fdf12f64db6e,2022-01-18,"in quest for energy independence, mexico is buying a texas oil refinery","oil (petroleum) and gasolinenationalization of industrypolitics and governmentgreenhouse gas emissionsrefineriesalternative and renewable energymergers, acquisitions and divestituresglobal warmingair pollutionlabor and jobsinternational trade and world marketforeign investmentsproductionpemexlopez obrador, andres manuelpena nieto, enriquedeer park (tex)mexicotexasunited states",President López Obrador wants to halt most oil exports and imports of gasoline and other fuels. Critics say he is reneging on Mexico’s climate change commitments.,1426
nyt://article/95a8de39-99e5-53d9-acbf-5053b155fd45,2022-01-18,"naomi osaka returns, ready or not","tenniscontent type: personal profileaustralian open (tennis)osaka, naomi (1997- )osaka, mari (1996- )japanmental health and disorders","After a tumultuous year and a four-month layoff during which she questioned what she wanted from tennis, Osaka is back on the court. “I’m not sure if this is going to work out well.”",1747
nyt://article/5e3ef205-8f6f-5ca1-840f-9135d324cb13,2022-01-18,an island nation covered in ash now worries about a covid intrusion,coronavirus risks and safety concernscoronavirus (2019-ncov)volcanoestongaaustralianew zealand,"Aid workers risk bringing in a virus Tonga has so far kept out. But there are more immediate problems, as its government confirmed in its first statement since the disaster.",1115
nyt://article/6d9ea09c-3a19-5046-85bc-25fdbf9bfc14,2022-01-18,a mayor and the challenge of making the city safer,"new york cityadams, eric lsubwayspolicewind powerhochul, kathleen c","Eric Adams made public safety a campaign issue. Now, as mayor, he will be held accountable.",1499
nyt://article/7237a19a-7631-587d-bf20-7952062a4b1e,2022-01-18,"two earthquakes strike afghanistan, killing at least 27",afghanistanearthquakesdeaths (fatalities)badghis province (afghanistan)qala-e-naw (afghanistan),The quakes struck about two hours apart in a western border province along the border with Turkmenistan.,329
nyt://article/989bedca-5f7a-5fdd-95b2-c6a6cc4987a7,2022-01-18,lesson of the day: ‘at-home coronavirus tests are inaccessible to blind people’,,"In this lesson, students will learn about how at-home coronavirus tests, with visual cues and complex steps, are often inaccessible to blind people and how workarounds might make these tests more accessible.",535
nyt://article/3062d797-ccf2-51ed-9592-aa7deda0a83a,2022-01-18,how a boy in rural iceland became a tool for global fascism,books and literature,"“Red Milk,” a novel by Sjón, examines a young man’s path to neo-Nazism.",724
nyt://article/6a9da8bc-d11e-5e55-8b76-b736c49cbac8,2022-01-18,"in a virus-stricken future, humanity endures amid the grief",books and literature,"Sequoia Nagamatsu’s debut novel, “How High We Go in the Dark,” is an expansive mosaic set in the wake of a devastating virus.",656
nyt://article/b5d6944c-4c5a-5c35-9a0f-4bd98b1822b4,2022-01-18,"before he died, the writer roberto calasso had the old testament on his mind","books and literaturejews and judaismbiblehebrew languagecalasso, roberto","In “The Book of All Books,” the great Italian polymath offers his interpretation of biblical stories.",1559
nyt://article/18fe0b46-c595-56ed-8fd8-e4a81c6e3f07,2022-01-18,what it’s like to live through a rupture in history,books and literaturealbaniacommunism (theory and philosophy),"“Free,” by Lea Ypi, is a memoir about growing up in Albania amid the fall of communism.",1186
nyt://article/9492de97-ee5f-57cf-9701-93c539f00566,2022-01-18,why holding a grudge is so satisfying,"henry viii, king of englandswift, tayloriliad (book)","A good grudge is watered down, drinkable and refreshingly effervescent, the low-calorie lager to resentment’s bootleg grain alcohol.",954
nyt://article/348f0e5c-6e4e-51a7-9c22-c7ca8fcabedb,2022-01-18,can i ask my ex to delete those nude pics?,dating and relationshipsethics (personal)privacy,"The magazine’s Ethicist columnist on how to make a delicate request without provocation, and more.",1464
nyt://article/dcd59e79-0bce-5ec2-a8d0-78b45733c504,2022-01-18,the pandemic lessons we clearly haven’t learned,"coronavirus (2019-ncov)vaccination and immunizationtufekci, zeynep",Zeynep Tufekci helps me understand the systems-wide failure on Covid — and how we can prepare for the pandemic’s next phase.,382
nyt://article/e0b87caf-162b-5c2d-adaf-3f37dd2bb70e,2022-01-18,how to survive an avalanche,avalanchesalpine skiingcontent type: service,Move to the top of the debris. Create an air pocket in front of your face.,377
nyt://article/bc667358-0f97-5b5d-a469-ed42e813cbe0,2022-01-18,the democratic party’s latino voter problem,hispanic-americansmidterm elections (2022)democratic party,"Given the political stakes as well as the stakes for Latino families, Democratic leaders must do better.",1192
nyt://article/325d8e75-4d50-5277-856f-980a5b9d630e,2022-01-18,the c.d.c. and f.d.a. can work better together,coronavirus (2019-ncov)centers for disease control and preventionfood and drug administration,Among the agencies’ major challenges during the pandemic has been collaboration.,1179
nyt://article/aec1fc25-b250-525e-b780-9879fba8549f,2022-01-18,what fictional house would you want to stay in?,,Fans of “Home Alone” had the chance to spend a night at the McCallister family home in December. What pop culture-inspired sleepover interests you?,279
nyt://article/e654fe3a-0bd6-599b-a483-693a1acd57e3,2022-01-18,congress can trade stocks or keep the public trust. not both.,"united states politics and governmentpolitics and governmentdemocratic partyhouse of representativesrepublican partysecurities and exchange commissionsenateburr, richard mhawley, josh d (1979- )krishnamoorthi, rajaossoff, jonmerkley, jeffrey a (1956- )pelosi, nancyspanberger, abigailwarren, elizabeth",Why on earth are representatives and senators allowed to trade stocks?,827
nyt://article/fefd2ada-1e95-5285-9cb9-f6f1bc2584c0,2022-01-18,going to services should not be an act of courage,anti-semitismcolleyville (tex)rabbis,Being Jewish today means training for active shooters. ,1288
nyt://article/24c9b8a1-0a1c-50a2-996d-dec5ce90b0f0,2022-01-18,how pat riley quit on the knicks,"coaches and managersbasketballappointments and executive changesarison, mickychecketts, daveewing, patrickaraskog, rand vhookstratten, ed (1930-2014)riley, patvan gundy, jeffrivers, docmadison square gardennew york knicks","In a book excerpt, a writer details the Knicks’ infighting and the tense contract negotiations that led Coach Pat Riley to leave for the Miami Heat in 1995.",1803
nyt://article/da8b9cd0-a4bb-5b36-93e8-1027b1d38f6f,2022-01-18,"in times like these, even a beached barge can spark joy",social mediatravel and vacationsartphotographyvancouver (british columbia),"Washed ashore during a fierce November storm, a massive barge has become both a popular sightseeing spot and meme in Vancouver.",1036
nyt://article/0ad13616-3863-555a-bc31-e92c54e52ec6,2022-01-18,america’s next great restaurants are in the suburbs. but can they thrive there?,"restaurantssuburbschang, peterderry, tiffany (chef)","With a shift in demographics and tastes, chefs are finding an unexpected home for their ambitious cuisine.",1813
nyt://article/6d144143-9399-52d2-9e43-f8ca7633ed6d,2022-01-18,can anyone satisfy amazon’s craving for electric vans?,delivery servicesautomobilesvanselectric and hybrid vehiclesgreenhouse gas emissionscarbon dioxidestart-upse-commerceamazon.com incrivian automotive llccanoo incgeneral motorsstellantis nv,The company has big plans to turn its delivery fleet green. But very few of the vehicles are made right now.,1322
nyt://slideshow/3869de78-6407-52d9-b83f-f00f47cbacc4,2022-01-18,christine ebersole’s broadway-castoff décor,"theatertony awards (theater awards)quarantine (life and culture)real estate and housing (residential)ebersole, christinemaplewood (nj)bob hearts abishola (tv program)","Thanks to an impressive career, the Tony Award winner has acquired conversation pieces from a number of notable Broadway shows.",0
nyt://article/c1b1897d-6727-58b9-bf5c-74b48cec71c6,2022-01-18,why christine ebersole’s home is furnished with broadway castoffs,"real estate and housing (residential)ebersole, christinemaplewood (nj)theaterinterior design and furnishingsquarantine (life and culture)televisioncontent type: personal profilebob hearts abishola (tv program)camelot (play)dinner at eight (opera)war paint (play)licorice pizza (movie)grey gardens (play)42nd street (play)","Thanks to an impressive career, the Tony Award winner has acquired conversation pieces from a number of notable Broadway shows.",1286
nyt://article/a135cf06-2332-5434-a9b1-5e919e602efb,2022-01-18,a nike executive seeks a family’s forgiveness for a 1965 murder,"content type: personal profilemurders, attempted murders and homicidesnike incmiller, larry g (1949- )white, edward david (1946-65)philadelphia (pa)","Barbara Mack hugged Larry Miller after he apologized for killing her brother, Edward David White. But if she were 30 years younger, she told him, “I would have been across that table at you.”",1397
nyt://article/1d544628-186e-51fb-b870-cd4952625c97,2022-01-18,hong kong will cull thousands of hamsters after covid cases in a pet shop.,hamsterscoronavirus (2019-ncov)hong kong,Officials said it was not clear that the virus had been transmitted to humans from the animals. But they called on residents to surrender recently imported hamsters.,422
nyt://article/00281bca-9d5d-5d22-9d2c-7aed99b90407,2022-01-18,security flaws seen in china’s mandatory olympics app for athletes,computer securitymobile applicationssurveillance of citizens by governmentolympic games (2022)citizen labchinacoronavirus (2019-ncov),"Researchers said the app, which will store sensitive health data on participants at the Winter Games, has serious encryption vulnerabilities.",973
nyt://article/57ec72d2-e4e4-55ef-9e1d-2efb0c69babc,2022-01-18,the civilian casualties of america’s air wars,civilian casualtieswar and armed conflictsdefense and military forcesdeaths (fatalities)islamic state in iraq and syria (isis)defense departmentafghanistanmiddle eastsyriaaudio-neutral-informative,Why is the death toll of U.S. strikes so staggeringly high?,360
nyt://article/50ea7f23-2811-5d80-a872-748ea9730392,2022-01-18,"european parliament, jostling for relevance, elects a new leader",european unioneuropean parliamentelectionsdemocracy (theory and philosophy)politics and government,"Roberta Metsola of Malta will succeed David Sassoli, an Italian politician who died last week, at a critical time for the institution.",1177
nyt://article/23ad6087-6b87-5148-b167-1caa40f69a6d,2022-01-18,examining the spike in murders,"murders, attempted murders and homicidesquarantine (life and culture)george floyd protests (2020)firearmsunited states",The effects are felt unequally across the U.S.,1704
nyt://interactive/b5bb2160-b42e-511b-832f-0ca1a9fe8479,2022-01-18,"is pluto a planet? what’s a planet, anyway?",pluto (dwarf planet)planetsspace and astronomysolar systemscience and technologyyour-feed-science,"More than 15 years after Pluto was demoted to dwarf planet, the debate, even among scientists, continues.",0
nyt://article/375569b6-c59b-53a4-8bd7-ceb3f90aa533,2022-01-18,exxon sets a 2050 goal for net zero greenhouse gas emissions,"exxon mobil corpwoods, darren w (1965- )greenhouse gas emissionscarbon capture and sequestrationoil (petroleum) and gasolineglobal warmingfuel emissions (transportation)energy and powerpermian basin (north america)","The target does not account for the climate impact of its customers and suppliers, leaving the company lagging the commitments of some of its rivals.",1010
nyt://interactive/74e426b9-6abd-522c-a66c-6274e6e19213,2022-01-18,"weekly news quiz for students: supreme court ruling, volcanic eruption, no. 1 album",,Have you been paying attention to the news recently? See how many of these 10 questions you can get right.,0
nyt://article/d0bdb21b-ea5d-516a-9022-c6444040bf2b,2022-01-18,larry fink defends stakeholder capitalism,corporate social responsibilityblackrock incglaxosmithkline plcunilever nv,"Companies thinking beyond profits isn’t “woke,” the BlackRock founder argued in his latest letter to Wall Street chiefs.",1827
